,DRelationshipID,WineID,DescriptorID
0,0,0,90
1,1,0,84
2,2,0,82
3,3,0,46
4,4,0,34
5,5,1,44
6,6,1,89
7,7,1,90
8,8,1,84
9,9,1,67
10,10,1,39
11,11,2,46
12,12,2,47
13,13,4,44
14,14,4,47
15,15,4,49
16,16,5,82
17,17,6,36
18,18,6,59
19,19,6,46
20,20,6,47
21,21,7,39
22,22,7,77
23,23,7,84
24,24,8,85
25,25,8,78
26,26,10,77
27,27,10,84
28,28,10,35
29,29,10,32
30,30,10,46
31,31,10,59
32,32,11,94
33,33,11,49
34,34,12,30
35,35,13,77
36,36,13,90
37,37,13,84
38,38,13,46
39,39,13,52
40,40,13,32
41,41,14,90
42,42,14,46
43,43,14,87
44,44,14,59
45,45,14,49
46,46,15,39
47,47,15,84
48,48,16,39
49,49,16,46
50,50,16,84
51,51,16,59
52,52,17,45
53,53,18,39
54,54,18,87
55,55,19,77
56,56,19,11
57,57,19,84
58,58,20,39
59,59,20,60
60,60,20,46
61,61,20,32
62,62,21,57
63,63,21,49
64,64,22,77
65,65,22,89
66,66,22,84
67,67,22,85
68,68,22,39
69,69,23,11
70,70,23,84
71,71,23,46
72,72,23,39
73,73,23,31
74,74,24,11
75,75,24,12
76,76,24,82
77,77,25,11
78,78,25,94
79,79,25,25
80,80,25,39
81,81,25,34
82,82,26,47
83,83,27,4
84,84,27,11
85,85,27,90
86,86,27,46
87,87,27,49
88,88,28,77
89,89,28,90
90,90,28,56
91,91,29,77
92,92,29,11
93,93,29,89
94,94,30,39
95,95,30,89
96,96,30,59
97,97,31,39
98,98,32,39
99,99,32,11
100,100,32,25
101,101,32,46
102,102,33,77
103,103,33,12
104,104,33,94
105,105,33,47
106,106,34,11
107,107,35,97
108,108,35,90
109,109,35,73
110,110,35,84
111,111,36,39
112,112,36,77
113,113,37,44
114,114,37,77
115,115,37,59
116,116,37,84
117,117,37,67
118,118,37,87
119,119,37,39
120,120,37,49
121,121,39,4
122,122,39,36
123,123,39,47
124,124,39,25
125,125,39,39
126,126,39,34
127,127,40,60
128,128,40,11
129,129,40,97
130,130,40,73
131,131,41,59
132,132,41,97
133,133,41,64
134,134,41,49
135,135,42,39
136,136,42,77
137,137,42,25
138,138,42,31
139,139,43,39
140,140,43,89
141,141,43,56
142,142,43,94
143,143,44,39
144,144,44,85
145,145,44,84
146,146,45,77
147,147,45,36
148,148,45,67
149,149,45,85
150,150,45,39
151,151,45,97
152,152,45,49
153,153,46,39
154,154,46,77
155,155,46,89
156,156,47,59
157,157,47,80
158,158,47,64
159,159,47,46
160,160,48,83
161,161,48,9
162,162,48,11
163,163,48,30
164,164,48,39
165,165,50,77
166,166,50,36
167,167,50,67
168,168,50,30
169,169,50,88
170,170,51,90
171,171,51,46
172,172,51,39
173,173,51,5
174,174,51,27
175,175,54,77
176,176,54,64
177,177,55,77
178,178,55,90
179,179,55,101
180,180,55,85
181,181,55,32
182,182,55,88
183,183,56,64
184,184,57,39
185,185,57,60
186,186,57,89
187,187,57,33
188,188,58,11
189,189,58,34
190,190,58,17
191,191,59,11
192,192,59,25
193,193,60,39
194,194,60,60
195,195,60,89
196,196,60,46
197,197,61,58
198,198,65,89
199,199,65,25
200,200,65,46
201,201,65,101
202,202,66,0
203,203,66,25
204,204,66,32
205,205,66,46
206,206,66,39
207,207,67,89
208,208,67,64
209,209,67,82
210,210,67,15
211,211,67,46
212,212,67,39
213,213,68,39
214,214,68,22
215,215,68,46
216,216,68,36
217,217,69,39
218,218,69,11
219,219,69,85
220,220,69,59
221,221,70,59
222,222,70,34
223,223,70,70
224,224,71,85
225,225,71,39
226,226,72,39
227,227,72,11
228,228,72,84
229,229,73,59
230,230,73,90
231,231,73,46
232,232,73,32
233,233,73,39
234,234,74,42
235,235,74,90
236,236,74,85
237,237,76,89
238,238,76,47
239,239,77,77
240,240,77,89
241,241,77,90
242,242,77,46
243,243,77,39
244,244,78,84
245,245,79,77
246,246,79,11
247,247,79,94
248,248,79,85
249,249,79,60
250,250,79,39
251,251,79,31
252,252,80,59
253,253,80,34
254,254,80,46
255,255,81,46
256,256,81,44
257,257,81,32
258,258,82,4
259,259,82,34
260,260,82,30
261,261,82,47
262,262,83,11
263,263,83,32
264,264,83,47
265,265,83,49
266,266,84,25
267,267,84,46
268,268,85,39
269,269,85,33
270,270,85,46
271,271,85,19
272,272,86,44
273,273,86,99
274,274,86,77
275,275,87,77
276,276,87,11
277,277,87,84
278,278,87,82
279,279,87,35
280,280,87,39
281,281,87,91
282,282,87,42
283,283,88,44
284,284,88,36
285,285,88,47
286,286,88,46
287,287,88,49
288,288,89,59
289,289,89,36
290,290,89,15
291,291,89,46
292,292,89,39
293,293,90,36
294,294,90,77
295,295,90,25
296,296,90,11
297,297,91,97
298,298,91,90
299,299,91,17
300,300,92,90
301,301,93,77
302,302,93,59
303,303,93,11
304,304,93,90
305,305,93,67
306,306,93,39
307,307,93,49
308,308,94,88
309,309,94,60
310,310,94,77
311,311,94,67
312,312,95,94
313,313,96,89
314,314,96,64
315,315,96,94
316,316,97,36
317,317,97,17
318,318,97,94
319,319,100,47
320,320,101,96
321,321,101,11
322,322,101,46
323,323,101,17
324,324,102,39
325,325,102,85
326,326,102,46
327,327,103,59
328,328,103,36
329,329,103,85
330,330,103,46
331,331,103,39
332,332,104,4
333,333,104,47
334,334,105,60
335,335,105,89
336,336,105,91
337,337,106,59
338,338,106,49
339,339,106,84
340,340,106,87
341,341,107,85
342,342,108,39
343,343,108,77
344,344,108,36
345,345,109,36
346,346,109,11
347,347,109,84
348,348,109,82
349,349,109,39
350,350,111,30
351,351,111,97
352,352,112,39
353,353,112,46
354,354,112,31
355,355,113,11
356,356,113,90
357,357,113,32
358,358,113,46
359,359,113,59
360,360,113,34
361,361,114,77
362,362,114,64
363,363,114,36
364,364,114,90
365,365,114,94
366,366,114,39
367,367,114,34
368,368,114,31
369,369,114,49
370,370,115,39
371,371,115,11
372,372,115,82
373,373,116,77
374,374,117,39
375,375,117,60
376,376,117,85
377,377,117,82
378,378,118,90
379,379,119,39
380,380,119,25
381,381,119,46
382,382,120,35
383,383,120,64
384,384,121,39
385,385,121,85
386,386,121,46
387,387,121,19
388,388,122,11
389,389,122,46
390,390,122,94
391,391,123,101
392,392,123,82
393,393,124,39
394,394,124,11
395,395,124,46
396,396,124,82
397,397,125,77
398,398,125,39
399,399,125,11
400,400,125,94
401,401,125,42
402,402,126,39
403,403,126,77
404,404,126,46
405,405,126,94
406,406,127,94
407,407,127,82
408,408,127,15
409,409,127,30
410,410,127,23
411,411,128,15
412,412,128,31
413,413,129,36
414,414,129,72
415,415,129,25
416,416,129,46
417,417,129,17
418,418,130,85
419,419,130,94
420,420,131,77
421,421,131,51
422,422,131,85
423,423,131,39
424,424,131,97
425,425,132,46
426,426,132,84
427,427,133,42
428,428,133,90
429,429,133,39
430,430,133,49
431,431,134,25
432,432,134,48
433,433,135,46
434,434,136,59
435,435,136,85
436,436,137,67
437,437,138,77
438,438,138,64
439,439,138,11
440,440,138,15
441,441,138,39
442,442,140,84
443,443,140,82
444,444,141,59
445,445,142,39
446,446,142,4
447,447,142,77
448,448,142,30
449,449,143,39
450,450,143,34
451,451,143,46
452,452,145,17
453,453,145,30
454,454,145,77
455,455,145,89
456,456,146,39
457,457,146,77
458,458,148,39
459,459,148,77
460,460,148,46
461,461,148,84
462,462,149,39
463,463,149,90
464,464,149,87
465,465,150,56
466,466,150,84
467,467,151,39
468,468,151,77
469,469,152,77
470,470,152,84
471,471,153,30
472,472,153,11
473,473,153,58
474,474,153,46
475,475,154,39
476,476,154,17
477,477,155,39
478,478,155,64
479,479,157,46
480,480,157,101
481,481,157,49
482,482,158,46
483,483,158,77
484,484,158,25
485,485,158,11
486,486,159,77
487,487,159,99
488,488,159,87
489,489,159,39
490,490,159,31
491,491,161,77
492,492,161,94
493,493,161,84
494,494,161,85
495,495,161,39
496,496,162,75
497,497,163,39
498,498,163,77
499,499,163,82
500,500,164,77
501,501,164,64
502,502,164,80
503,503,164,11
504,504,164,70
505,505,164,82
506,506,164,85
507,507,164,71
508,508,164,75
509,509,164,46
510,510,164,39
511,511,164,5
512,512,165,11
513,513,165,94
514,514,165,30
515,515,165,39
516,516,165,97
517,517,166,85
518,518,166,71
519,519,166,5
520,520,167,39
521,521,168,39
522,522,168,59
523,523,169,84
524,524,169,82
525,525,170,39
526,526,170,30
527,527,170,17
528,528,170,84
529,529,171,30
530,530,171,77
531,531,171,34
532,532,172,39
533,533,172,97
534,534,172,94
535,535,172,36
536,536,173,59
537,537,173,34
538,538,173,32
539,539,173,17
540,540,174,46
541,541,176,11
542,542,176,75
543,543,177,7
544,544,177,44
545,545,177,46
546,546,178,77
547,547,178,64
548,548,178,59
549,549,178,94
550,550,178,25
551,551,178,39
552,552,179,30
553,553,179,17
554,554,180,39
555,555,180,97
556,556,181,64
557,557,181,72
558,558,181,84
559,559,181,75
560,560,181,46
561,561,181,34
562,562,181,17
563,563,182,60
564,564,182,90
565,565,184,77
566,566,184,84
567,567,184,67
568,568,184,30
569,569,184,39
570,570,184,58
571,571,185,57
572,572,186,89
573,573,186,46
574,574,187,39
575,575,187,4
576,576,187,77
577,577,187,84
578,578,188,67
579,579,188,11
580,580,188,49
581,581,189,42
582,582,189,60
583,583,189,39
584,584,190,39
585,585,190,77
586,586,190,85
587,587,190,46
588,588,191,77
589,589,191,64
590,590,191,84
591,591,191,15
592,592,191,39
593,593,192,44
594,594,192,89
595,595,192,90
596,596,192,46
597,597,192,39
598,598,193,64
599,599,193,47
600,600,193,15
601,601,193,39
602,602,193,91
603,603,194,89
604,604,194,83
605,605,194,84
606,606,194,82
607,607,194,58
608,608,195,39
609,609,195,17
610,610,195,46
611,611,195,84
612,612,196,39
613,613,196,85
614,614,196,84
615,615,196,59
616,616,199,39
617,617,199,60
618,618,200,77
619,619,200,34
620,620,200,39
621,621,200,91
622,622,200,17
623,623,201,39
624,624,202,60
625,625,202,71
626,626,202,31
627,627,202,82
628,628,203,39
629,629,203,11
630,630,203,84
631,631,204,97
632,632,205,15
633,633,205,64
634,634,205,47
635,635,207,11
636,636,207,34
637,637,207,46
638,638,207,47
639,639,208,59
640,640,208,84
641,641,208,47
642,642,209,77
643,643,209,31
644,644,209,49
645,645,210,77
646,646,211,39
647,647,212,34
648,648,214,59
649,649,215,77
650,650,215,36
651,651,215,11
652,652,215,47
653,653,215,39
654,654,216,85
655,655,216,101
656,656,216,52
657,657,217,77
658,658,217,82
659,659,217,67
660,660,217,21
661,661,217,39
662,662,218,88
663,663,218,85
664,664,220,39
665,665,220,11
666,666,220,46
667,667,220,67
668,668,221,39
669,669,221,34
670,670,221,32
671,671,221,36
672,672,222,39
673,673,222,90
674,674,222,84
675,675,223,36
676,676,223,35
677,677,223,83
678,678,223,84
679,679,224,39
680,680,224,25
681,681,225,11
682,682,225,68
683,683,225,84
684,684,225,30
685,685,225,46
686,686,225,39
687,687,225,17
688,688,226,39
689,689,226,55
690,690,226,31
691,691,228,36
692,692,228,45
693,693,228,80
694,694,228,67
695,695,228,46
696,696,229,51
697,697,230,25
698,698,230,17
699,699,231,39
700,700,231,77
701,701,231,85
702,702,231,11
703,703,232,32
704,704,232,84
705,705,233,36
706,706,233,72
707,707,233,9
708,708,233,94
709,709,233,5
710,710,235,30
711,711,235,84
712,712,235,47
713,713,236,39
714,714,236,5
715,715,238,46
716,716,238,77
717,717,238,11
718,718,239,39
719,719,239,59
720,720,239,49
721,721,240,77
722,722,240,11
723,723,240,90
724,724,240,46
725,725,240,39
726,726,241,39
727,727,241,25
728,728,242,85
729,729,242,70
730,730,244,59
731,731,244,15
732,732,244,9
733,733,244,49
734,734,245,39
735,735,245,15
736,736,245,11
737,737,245,49
738,738,246,97
739,739,246,77
740,740,246,94
741,741,246,47
742,742,247,77
743,743,247,90
744,744,248,51
745,745,248,11
746,746,248,82
747,747,248,30
748,748,248,56
749,749,248,39
750,750,248,17
751,751,249,88
752,752,249,32
753,753,249,67
754,754,250,39
755,755,250,31
756,756,251,39
757,757,251,84
758,758,254,36
759,759,254,77
760,760,254,32
761,761,255,39
762,762,255,30
763,763,255,77
764,764,256,67
765,765,256,60
766,766,257,59
767,767,257,44
768,768,257,46
769,769,257,47
770,770,258,97
771,771,259,39
772,772,260,97
773,773,260,80
774,774,262,44
775,775,262,11
776,776,263,90
777,777,264,89
778,778,264,5
779,779,266,77
780,780,266,22
781,781,266,94
782,782,266,47
783,783,266,85
784,784,266,92
785,785,266,39
786,786,266,31
787,787,267,64
788,788,267,36
789,789,267,47
790,790,267,85
791,791,267,17
792,792,269,45
793,793,271,44
794,794,271,36
795,795,271,47
796,796,271,30
797,797,271,17
798,798,272,89
799,799,272,64
800,800,272,11
801,801,272,94
802,802,272,42
803,803,272,23
804,804,273,39
805,805,273,30
806,806,273,77
807,807,273,59
808,808,274,60
809,809,274,4
810,810,274,77
811,811,274,9
812,812,275,60
813,813,275,34
814,814,276,39
815,815,276,25
816,816,277,36
817,817,277,97
818,818,277,30
819,819,277,15
820,820,278,77
821,821,278,32
822,822,279,39
823,823,279,77
824,824,280,36
825,825,280,90
826,826,280,82
827,827,280,30
828,828,280,39
829,829,282,60
830,830,282,82
831,831,283,36
832,832,283,30
833,833,283,59
834,834,283,87
835,835,284,46
836,836,286,92
837,837,286,90
838,838,287,64
839,839,287,58
840,840,287,31
841,841,289,64
842,842,289,90
843,843,289,84
844,844,289,67
845,845,289,30
846,846,289,39
847,847,289,97
848,848,289,17
849,849,290,59
850,850,290,5
851,851,291,39
852,852,291,25
853,853,291,46
854,854,292,39
855,855,292,33
856,856,293,39
857,857,293,97
858,858,293,89
859,859,293,90
860,860,294,30
861,861,294,44
862,862,294,46
863,863,294,47
864,864,295,39
865,865,295,31
866,866,295,47
867,867,296,34
868,868,297,39
869,869,297,90
870,870,297,19
871,871,299,77
872,872,299,89
873,873,299,83
874,874,299,11
875,875,299,84
876,876,299,39
877,877,299,17
878,878,300,4
879,879,300,44
880,880,300,77
881,881,300,11
882,882,300,90
883,883,300,39
884,884,301,60
885,885,301,9
886,886,302,59
887,887,302,46
888,888,304,39
889,889,304,44
890,890,305,39
891,891,305,59
892,892,306,90
893,893,306,84
894,894,307,77
895,895,307,64
896,896,307,39
897,897,307,11
898,898,307,90
899,899,307,85
900,900,307,88
901,901,308,39
902,902,308,77
903,903,308,47
904,904,309,42
905,905,309,77
906,906,309,33
907,907,309,35
908,908,310,39
909,909,310,97
910,910,310,77
911,911,310,36
912,912,311,46
913,913,312,34
914,914,313,36
915,915,313,85
916,916,313,30
917,917,313,25
918,918,313,73
919,919,313,39
920,920,313,97
921,921,313,17
922,922,314,11
923,923,314,84
924,924,315,39
925,925,315,30
926,926,316,77
927,927,316,11
928,928,317,59
929,929,317,46
930,930,317,39
931,931,317,84
932,932,318,39
933,933,318,97
934,934,318,36
935,935,319,43
936,936,320,64
937,937,320,46
938,938,320,87
939,939,321,39
940,940,321,11
941,941,321,25
942,942,322,59
943,943,322,94
944,944,322,49
945,945,324,36
946,946,324,64
947,947,324,46
948,948,324,84
949,949,325,64
950,950,325,59
951,951,325,47
952,952,325,15
953,953,325,39
954,954,326,17
955,955,326,46
956,956,326,84
957,957,326,82
958,958,327,25
959,959,327,46
960,960,327,64
961,961,327,39
962,962,328,39
963,963,328,77
964,964,328,22
965,965,328,49
966,966,329,39
967,967,329,4
968,968,329,85
969,969,331,39
970,970,331,77
971,971,332,33
972,972,332,97
973,973,332,89
974,974,332,58
975,975,333,47
976,976,333,15
977,977,333,46
978,978,333,59
979,979,333,34
980,980,333,17
981,981,336,97
982,982,336,58
983,983,336,84
984,984,337,85
985,985,337,30
986,986,337,46
987,987,337,39
988,988,337,17
989,989,338,36
990,990,338,11
991,991,338,90
992,992,338,82
993,993,338,25
994,994,338,46
995,995,338,59
996,996,340,39
997,997,340,97
998,998,340,77
999,999,340,85
1000,1000,341,33
1001,1001,342,39
1002,1002,342,94
1003,1003,343,46
1004,1004,344,59
1005,1005,344,77
1006,1006,344,64
1007,1007,346,39
1008,1008,346,60
1009,1009,346,31
1010,1010,347,77
1011,1011,347,36
1012,1012,347,11
1013,1013,347,46
1014,1014,347,39
1015,1015,348,11
1016,1016,348,47
1017,1017,348,67
1018,1018,348,30
1019,1019,348,46
1020,1020,348,39
1021,1021,348,31
1022,1022,349,28
1023,1023,349,11
1024,1024,349,35
1025,1025,349,46
1026,1026,349,52
1027,1027,349,39
1028,1028,350,39
1029,1029,350,59
1030,1030,350,36
1031,1031,351,36
1032,1032,351,64
1033,1033,351,90
1034,1034,353,89
1035,1035,353,21
1036,1036,353,32
1037,1037,353,39
1038,1038,353,62
1039,1039,354,60
1040,1040,354,45
1041,1041,354,78
1042,1042,355,32
1043,1043,355,46
1044,1044,355,87
1045,1045,355,59
1046,1046,355,34
1047,1047,356,30
1048,1048,356,11
1049,1049,356,34
1050,1050,356,46
1051,1051,357,90
1052,1052,357,84
1053,1053,358,30
1054,1054,358,99
1055,1055,359,15
1056,1056,359,35
1057,1057,360,11
1058,1058,360,75
1059,1059,360,46
1060,1060,361,15
1061,1061,361,77
1062,1062,361,12
1063,1063,362,34
1064,1064,363,39
1065,1065,363,84
1066,1066,364,36
1067,1067,364,32
1068,1068,364,39
1069,1069,364,5
1070,1070,364,17
1071,1071,364,49
1072,1072,365,89
1073,1073,365,46
1074,1074,366,32
1075,1075,366,46
1076,1076,366,53
1077,1077,366,17
1078,1078,366,49
1079,1079,367,25
1080,1080,369,39
1081,1081,369,60
1082,1082,369,97
1083,1083,369,12
1084,1084,370,39
1085,1085,370,82
1086,1086,371,39
1087,1087,371,49
1088,1088,373,36
1089,1089,373,90
1090,1090,373,84
1091,1091,373,82
1092,1092,373,94
1093,1093,373,46
1094,1094,373,79
1095,1095,375,39
1096,1096,376,39
1097,1097,376,44
1098,1098,376,77
1099,1099,377,85
1100,1100,377,71
1101,1101,377,83
1102,1102,377,13
1103,1103,379,11
1104,1104,379,47
1105,1105,380,36
1106,1106,380,34
1107,1107,381,32
1108,1108,382,59
1109,1109,382,82
1110,1110,383,85
1111,1111,383,44
1112,1112,384,39
1113,1113,384,80
1114,1114,384,59
1115,1115,384,36
1116,1116,385,39
1117,1117,385,11
1118,1118,386,39
1119,1119,386,90
1120,1120,387,60
1121,1121,387,11
1122,1122,388,80
1123,1123,389,88
1124,1124,389,39
1125,1125,390,44
1126,1126,390,36
1127,1127,390,82
1128,1128,390,60
1129,1129,390,24
1130,1130,390,88
1131,1131,390,5
1132,1132,390,58
1133,1133,391,77
1134,1134,391,89
1135,1135,391,46
1136,1136,391,84
1137,1137,392,4
1138,1138,392,77
1139,1139,392,70
1140,1140,392,47
1141,1141,392,25
1142,1142,392,39
1143,1143,392,34
1144,1144,396,60
1145,1145,396,77
1146,1146,396,46
1147,1147,396,49
1148,1148,397,36
1149,1149,397,94
1150,1150,397,84
1151,1151,398,39
1152,1152,398,11
1153,1153,398,90
1154,1154,398,84
1155,1155,399,39
1156,1156,399,53
1157,1157,399,85
1158,1158,399,31
1159,1159,401,39
1160,1160,401,30
1161,1161,401,77
1162,1162,402,82
1163,1163,403,47
1164,1164,404,46
1165,1165,404,94
1166,1166,405,39
1167,1167,405,64
1168,1168,405,94
1169,1169,406,39
1170,1170,406,60
1171,1171,406,77
1172,1172,406,84
1173,1173,407,39
1174,1174,407,36
1175,1175,408,36
1176,1176,408,47
1177,1177,408,82
1178,1178,408,15
1179,1179,408,39
1180,1180,408,33
1181,1181,409,97
1182,1182,409,89
1183,1183,410,5
1184,1184,410,34
1185,1185,410,46
1186,1186,411,79
1187,1187,413,30
1188,1188,413,77
1189,1189,414,39
1190,1190,414,34
1191,1191,414,46
1192,1192,414,36
1193,1193,415,39
1194,1194,416,85
1195,1195,417,39
1196,1196,418,59
1197,1197,418,11
1198,1198,418,25
1199,1199,418,32
1200,1200,418,39
1201,1201,418,34
1202,1202,418,49
1203,1203,420,36
1204,1204,421,67
1205,1205,421,23
1206,1206,421,77
1207,1207,422,51
1208,1208,424,39
1209,1209,424,89
1210,1210,424,84
1211,1211,424,82
1212,1212,425,85
1213,1213,425,15
1214,1214,425,89
1215,1215,425,84
1216,1216,426,15
1217,1217,426,64
1218,1218,427,30
1219,1219,427,77
1220,1220,428,77
1221,1221,428,39
1222,1222,428,80
1223,1223,428,33
1224,1224,428,42
1225,1225,429,39
1226,1226,429,77
1227,1227,429,85
1228,1228,429,46
1229,1229,430,44
1230,1230,430,32
1231,1231,430,17
1232,1232,430,47
1233,1233,432,39
1234,1234,432,47
1235,1235,433,43
1236,1236,433,32
1237,1237,433,87
1238,1238,435,89
1239,1239,435,84
1240,1240,435,47
1241,1241,435,15
1242,1242,435,39
1243,1243,435,34
1244,1244,436,39
1245,1245,436,77
1246,1246,436,64
1247,1247,436,84
1248,1248,437,11
1249,1249,438,64
1250,1250,438,9
1251,1251,438,32
1252,1252,438,87
1253,1253,438,59
1254,1254,438,49
1255,1255,439,77
1256,1256,439,89
1257,1257,439,45
1258,1258,439,80
1259,1259,439,82
1260,1260,439,92
1261,1261,439,39
1262,1262,439,55
1263,1263,440,36
1264,1264,440,15
1265,1265,440,9
1266,1266,440,82
1267,1267,441,75
1268,1268,441,46
1269,1269,442,101
1270,1270,442,46
1271,1271,442,39
1272,1272,442,53
1273,1273,442,17
1274,1274,443,80
1275,1275,444,85
1276,1276,444,44
1277,1277,444,94
1278,1278,444,49
1279,1279,445,82
1280,1280,445,84
1281,1281,445,87
1282,1282,446,59
1283,1283,446,82
1284,1284,446,46
1285,1285,446,87
1286,1286,446,39
1287,1287,446,49
1288,1288,447,39
1289,1289,447,89
1290,1290,447,56
1291,1291,448,77
1292,1292,448,90
1293,1293,448,31
1294,1294,449,36
1295,1295,449,11
1296,1296,450,25
1297,1297,450,12
1298,1298,450,84
1299,1299,451,36
1300,1300,451,77
1301,1301,452,39
1302,1302,452,77
1303,1303,453,45
1304,1304,453,9
1305,1305,453,84
1306,1306,453,85
1307,1307,453,46
1308,1308,454,39
1309,1309,454,11
1310,1310,454,25
1311,1311,455,64
1312,1312,455,46
1313,1313,455,39
1314,1314,455,31
1315,1315,455,49
1316,1316,457,39
1317,1317,457,89
1318,1318,457,34
1319,1319,458,77
1320,1320,458,36
1321,1321,458,84
1322,1322,458,39
1323,1323,458,58
1324,1324,459,88
1325,1325,459,44
1326,1326,459,31
1327,1327,459,49
1328,1328,460,44
1329,1329,461,39
1330,1330,461,97
1331,1331,461,94
1332,1332,462,64
1333,1333,463,78
1334,1334,463,64
1335,1335,463,39
1336,1336,463,15
1337,1337,463,42
1338,1338,463,97
1339,1339,463,34
1340,1340,464,34
1341,1341,464,46
1342,1342,466,46
1343,1343,469,15
1344,1344,469,77
1345,1345,469,30
1346,1346,469,12
1347,1347,471,28
1348,1348,471,77
1349,1349,471,90
1350,1350,471,92
1351,1351,471,46
1352,1352,471,39
1353,1353,472,59
1354,1354,472,11
1355,1355,472,90
1356,1356,472,101
1357,1357,472,67
1358,1358,472,46
1359,1359,472,39
1360,1360,473,39
1361,1361,473,36
1362,1362,473,49
1363,1363,474,39
1364,1364,474,77
1365,1365,474,90
1366,1366,474,84
1367,1367,475,39
1368,1368,476,39
1369,1369,476,87
1370,1370,477,39
1371,1371,477,77
1372,1372,477,90
1373,1373,477,94
1374,1374,478,90
1375,1375,478,94
1376,1376,479,17
1377,1377,480,39
1378,1378,480,60
1379,1379,480,90
1380,1380,481,39
1381,1381,481,11
1382,1382,482,77
1383,1383,482,89
1384,1384,482,30
1385,1385,482,39
1386,1386,482,17
1387,1387,483,36
1388,1388,483,30
1389,1389,483,46
1390,1390,485,77
1391,1391,485,89
1392,1392,485,84
1393,1393,486,77
1394,1394,487,39
1395,1395,488,64
1396,1396,488,58
1397,1397,489,82
1398,1398,489,44
1399,1399,489,64
1400,1400,489,5
1401,1401,490,46
1402,1402,490,77
1403,1403,490,70
1404,1404,490,84
1405,1405,491,15
1406,1406,491,97
1407,1407,491,31
1408,1408,492,36
1409,1409,493,59
1410,1410,493,84
1411,1411,495,17
1412,1412,495,47
1413,1413,497,39
1414,1414,497,44
1415,1415,497,92
1416,1416,497,49
1417,1417,498,88
1418,1418,498,23
1419,1419,498,77
1420,1420,498,64
1421,1421,499,39
1422,1422,500,39
1423,1423,500,89
1424,1424,500,90
1425,1425,501,33
1426,1426,501,82
1427,1427,502,11
1428,1428,502,25
1429,1429,502,46
1430,1430,503,39
1431,1431,503,64
1432,1432,504,44
1433,1433,504,11
1434,1434,504,25
1435,1435,504,46
1436,1436,504,39
1437,1437,505,69
1438,1438,505,77
1439,1439,505,43
1440,1440,505,9
1441,1441,505,68
1442,1442,505,94
1443,1443,505,85
1444,1444,505,39
1445,1445,506,45
1446,1446,506,94
1447,1447,506,64
1448,1448,506,31
1449,1449,508,47
1450,1450,508,15
1451,1451,508,32
1452,1452,508,39
1453,1453,508,58
1454,1454,508,17
1455,1455,509,39
1456,1456,509,30
1457,1457,509,49
1458,1458,510,42
1459,1459,510,64
1460,1460,510,46
1461,1461,510,5
1462,1462,511,39
1463,1463,511,30
1464,1464,511,77
1465,1465,511,82
1466,1466,512,15
1467,1467,512,11
1468,1468,512,12
1469,1469,513,23
1470,1470,513,84
1471,1471,513,47
1472,1472,515,4
1473,1473,515,44
1474,1474,515,90
1475,1475,516,33
1476,1476,516,77
1477,1477,518,9
1478,1478,518,64
1479,1479,523,39
1480,1480,523,46
1481,1481,524,44
1482,1482,524,77
1483,1483,524,36
1484,1484,524,11
1485,1485,524,30
1486,1486,524,31
1487,1487,525,39
1488,1488,525,80
1489,1489,525,35
1490,1490,526,93
1491,1491,526,15
1492,1492,526,26
1493,1493,527,82
1494,1494,528,46
1495,1495,528,82
1496,1496,529,77
1497,1497,530,94
1498,1498,531,97
1499,1499,532,11
1500,1500,534,88
1501,1501,534,77
1502,1502,534,90
1503,1503,535,47
1504,1504,536,90
1505,1505,536,12
1506,1506,537,39
1507,1507,537,25
1508,1508,537,49
1509,1509,538,77
1510,1510,538,56
1511,1511,539,39
1512,1512,539,90
1513,1513,539,84
1514,1514,540,39
1515,1515,540,11
1516,1516,540,90
1517,1517,543,59
1518,1518,543,56
1519,1519,544,94
1520,1520,544,31
1521,1521,545,46
1522,1522,545,49
1523,1523,546,77
1524,1524,546,90
1525,1525,546,84
1526,1526,546,85
1527,1527,546,35
1528,1528,546,39
1529,1529,546,17
1530,1530,547,39
1531,1531,547,84
1532,1532,548,64
1533,1533,548,47
1534,1534,549,36
1535,1535,549,11
1536,1536,549,94
1537,1537,549,46
1538,1538,549,39
1539,1539,549,31
1540,1540,550,77
1541,1541,550,36
1542,1542,550,82
1543,1543,550,35
1544,1544,550,39
1545,1545,551,11
1546,1546,552,36
1547,1547,552,97
1548,1548,552,32
1549,1549,552,17
1550,1550,553,60
1551,1551,553,5
1552,1552,554,39
1553,1553,554,82
1554,1554,555,85
1555,1555,555,35
1556,1556,555,46
1557,1557,555,82
1558,1558,557,45
1559,1559,557,44
1560,1560,558,85
1561,1561,558,97
1562,1562,558,77
1563,1563,560,44
1564,1564,560,77
1565,1565,560,35
1566,1566,560,88
1567,1567,560,34
1568,1568,561,80
1569,1569,561,64
1570,1570,561,5
1571,1571,561,49
1572,1572,562,85
1573,1573,562,71
1574,1574,562,13
1575,1575,563,46
1576,1576,564,39
1577,1577,564,49
1578,1578,564,82
1579,1579,565,85
1580,1580,565,97
1581,1581,565,11
1582,1582,566,49
1583,1583,567,46
1584,1584,568,70
1585,1585,570,39
1586,1586,570,17
1587,1587,570,36
1588,1588,571,77
1589,1589,571,90
1590,1590,571,82
1591,1591,571,60
1592,1592,571,30
1593,1593,571,39
1594,1594,572,39
1595,1595,572,15
1596,1596,572,77
1597,1597,572,80
1598,1598,573,39
1599,1599,573,83
1600,1600,573,77
1601,1601,573,85
1602,1602,574,25
1603,1603,576,39
1604,1604,576,25
1605,1605,576,34
1606,1606,576,46
1607,1607,577,85
1608,1608,577,83
1609,1609,577,44
1610,1610,577,91
1611,1611,578,59
1612,1612,578,49
1613,1613,578,101
1614,1614,578,87
1615,1615,579,36
1616,1616,579,11
1617,1617,579,82
1618,1618,579,73
1619,1619,579,46
1620,1620,579,39
1621,1621,579,91
1622,1622,579,17
1623,1623,580,88
1624,1624,580,39
1625,1625,581,44
1626,1626,581,13
1627,1627,581,80
1628,1628,581,85
1629,1629,581,46
1630,1630,581,39
1631,1631,582,45
1632,1632,582,77
1633,1633,582,9
1634,1634,582,90
1635,1635,584,77
1636,1636,584,89
1637,1637,584,11
1638,1638,584,30
1639,1639,584,39
1640,1640,584,91
1641,1641,585,77
1642,1642,585,90
1643,1643,585,12
1644,1644,585,84
1645,1645,585,85
1646,1646,585,56
1647,1647,585,33
1648,1648,585,31
1649,1649,586,59
1650,1650,586,25
1651,1651,586,46
1652,1652,586,87
1653,1653,586,39
1654,1654,586,49
1655,1655,587,39
1656,1656,587,60
1657,1657,587,90
1658,1658,587,47
1659,1659,588,11
1660,1660,589,39
1661,1661,589,90
1662,1662,590,77
1663,1663,591,39
1664,1664,591,25
1665,1665,593,25
1666,1666,595,11
1667,1667,595,25
1668,1668,595,46
1669,1669,595,90
1670,1670,596,44
1671,1671,596,25
1672,1672,596,101
1673,1673,597,77
1674,1674,598,64
1675,1675,598,90
1676,1676,598,47
1677,1677,598,15
1678,1678,598,46
1679,1679,598,39
1680,1680,599,59
1681,1681,599,22
1682,1682,599,94
1683,1683,599,30
1684,1684,599,46
1685,1685,599,39
1686,1686,600,36
1687,1687,601,39
1688,1688,601,85
1689,1689,601,46
1690,1690,601,47
1691,1691,602,86
1692,1692,603,44
1693,1693,603,11
1694,1694,603,25
1695,1695,603,46
1696,1696,603,87
1697,1697,603,59
1698,1698,603,17
1699,1699,604,44
1700,1700,604,83
1701,1701,604,101
1702,1702,604,25
1703,1703,604,39
1704,1704,604,34
1705,1705,604,17
1706,1706,605,39
1707,1707,605,77
1708,1708,605,12
1709,1709,606,39
1710,1710,606,77
1711,1711,606,82
1712,1712,607,39
1713,1713,607,11
1714,1714,607,49
1715,1715,608,39
1716,1716,608,89
1717,1717,609,77
1718,1718,609,64
1719,1719,609,11
1720,1720,610,77
1721,1721,610,34
1722,1722,610,89
1723,1723,612,39
1724,1724,612,31
1725,1725,613,90
1726,1726,614,83
1727,1727,614,94
1728,1728,615,39
1729,1729,615,85
1730,1730,616,39
1731,1731,616,35
1732,1732,617,89
1733,1733,617,64
1734,1734,617,11
1735,1735,617,42
1736,1736,617,5
1737,1737,618,30
1738,1738,618,25
1739,1739,618,49
1740,1740,619,11
1741,1741,619,90
1742,1742,620,30
1743,1743,620,77
1744,1744,620,89
1745,1745,621,39
1746,1746,621,89
1747,1747,621,82
1748,1748,622,77
1749,1749,622,39
1750,1750,622,70
1751,1751,622,88
1752,1752,622,31
1753,1753,623,25
1754,1754,623,64
1755,1755,623,85
1756,1756,623,39
1757,1757,624,77
1758,1758,624,94
1759,1759,624,84
1760,1760,624,82
1761,1761,624,39
1762,1762,625,39
1763,1763,625,15
1764,1764,625,64
1765,1765,625,46
1766,1766,626,11
1767,1767,626,70
1768,1768,626,82
1769,1769,626,60
1770,1770,626,30
1771,1771,627,17
1772,1772,628,46
1773,1773,628,31
1774,1774,629,39
1775,1775,630,81
1776,1776,630,11
1777,1777,631,39
1778,1778,631,85
1779,1779,631,22
1780,1780,631,49
1781,1781,633,39
1782,1782,633,60
1783,1783,634,77
1784,1784,635,30
1785,1785,635,46
1786,1786,636,39
1787,1787,636,11
1788,1788,637,77
1789,1789,637,64
1790,1790,637,36
1791,1791,637,60
1792,1792,637,30
1793,1793,637,39
1794,1794,638,90
1795,1795,639,30
1796,1796,641,44
1797,1797,641,77
1798,1798,642,49
1799,1799,644,39
1800,1800,644,80
1801,1801,644,90
1802,1802,644,30
1803,1803,645,80
1804,1804,646,39
1805,1805,646,88
1806,1806,646,33
1807,1807,646,85
1808,1808,647,97
1809,1809,647,11
1810,1810,648,35
1811,1811,648,46
1812,1812,648,82
1813,1813,649,101
1814,1814,649,84
1815,1815,649,47
1816,1816,649,32
1817,1817,649,39
1818,1818,649,34
1819,1819,650,59
1820,1820,650,11
1821,1821,650,0
1822,1822,651,39
1823,1823,651,47
1824,1824,651,49
1825,1825,652,15
1826,1826,652,90
1827,1827,652,31
1828,1828,653,67
1829,1829,653,44
1830,1830,653,11
1831,1831,655,39
1832,1832,655,30
1833,1833,655,77
1834,1834,655,67
1835,1835,656,64
1836,1836,656,22
1837,1837,656,15
1838,1838,656,46
1839,1839,656,39
1840,1840,657,39
1841,1841,657,97
1842,1842,657,67
1843,1843,658,46
1844,1844,659,46
1845,1845,659,11
1846,1846,659,25
1847,1847,659,12
1848,1848,660,64
1849,1849,660,51
1850,1850,660,45
1851,1851,660,84
1852,1852,660,82
1853,1853,661,4
1854,1854,661,44
1855,1855,661,77
1856,1856,661,11
1857,1857,662,32
1858,1858,662,90
1859,1859,662,46
1860,1860,663,39
1861,1861,663,77
1862,1862,663,46
1863,1863,665,11
1864,1864,665,84
1865,1865,665,67
1866,1866,665,25
1867,1867,665,46
1868,1868,667,42
1869,1869,667,84
1870,1870,668,39
1871,1871,668,45
1872,1872,668,46
1873,1873,670,46
1874,1874,670,17
1875,1875,671,77
1876,1876,671,11
1877,1877,671,1
1878,1878,671,47
1879,1879,671,94
1880,1880,671,30
1881,1881,671,31
1882,1882,673,97
1883,1883,674,39
1884,1884,674,97
1885,1885,674,58
1886,1886,674,94
1887,1887,675,90
1888,1888,675,46
1889,1889,676,44
1890,1890,676,11
1891,1891,677,39
1892,1892,679,39
1893,1893,679,89
1894,1894,679,90
1895,1895,679,46
1896,1896,680,15
1897,1897,681,39
1898,1898,681,77
1899,1899,681,58
1900,1900,681,31
1901,1901,682,39
1902,1902,682,67
1903,1903,682,47
1904,1904,685,45
1905,1905,685,89
1906,1906,685,84
1907,1907,686,90
1908,1908,688,77
1909,1909,688,84
1910,1910,688,85
1911,1911,688,39
1912,1912,688,97
1913,1913,688,58
1914,1914,689,97
1915,1915,690,4
1916,1916,690,34
1917,1917,690,46
1918,1918,690,47
1919,1919,691,84
1920,1920,691,82
1921,1921,693,39
1922,1922,693,11
1923,1923,693,46
1924,1924,693,49
1925,1925,696,36
1926,1926,696,82
1927,1927,696,67
1928,1928,696,30
1929,1929,696,39
1930,1930,697,60
1931,1931,697,45
1932,1932,697,64
1933,1933,698,44
1934,1934,698,47
1935,1935,698,25
1936,1936,698,32
1937,1937,698,87
1938,1938,699,39
1939,1939,699,89
1940,1940,699,90
1941,1941,699,94
1942,1942,700,39
1943,1943,700,34
1944,1944,700,36
1945,1945,701,44
1946,1946,701,84
1947,1947,703,88
1948,1948,703,60
1949,1949,703,77
1950,1950,704,60
1951,1951,704,77
1952,1952,704,90
1953,1953,704,97
1954,1954,706,58
1955,1955,706,17
1956,1956,707,64
1957,1957,707,84
1958,1958,707,85
1959,1959,707,15
1960,1960,707,39
1961,1961,708,94
1962,1962,708,52
1963,1963,709,31
1964,1964,711,60
1965,1965,711,53
1966,1966,711,49
1967,1967,712,67
1968,1968,712,59
1969,1969,713,45
1970,1970,714,35
1971,1971,714,32
1972,1972,715,49
1973,1973,716,88
1974,1974,716,46
1975,1975,717,81
1976,1976,717,55
1977,1977,718,59
1978,1978,718,25
1979,1979,720,60
1980,1980,720,82
1981,1981,721,69
1982,1982,721,90
1983,1983,721,84
1984,1984,721,60
1985,1985,721,30
1986,1986,721,39
1987,1987,721,62
1988,1988,721,31
1989,1989,724,101
1990,1990,725,39
1991,1991,725,85
1992,1992,725,94
1993,1993,726,39
1994,1994,726,77
1995,1995,727,25
1996,1996,728,30
1997,1997,729,77
1998,1998,729,82
1999,1999,729,15
2000,2000,729,30
2001,2001,729,39
2002,2002,730,90
2003,2003,730,34
2004,2004,730,47
2005,2005,731,46
2006,2006,731,84
2007,2007,733,94
2008,2008,733,64
2009,2009,733,31
2010,2010,734,59
2011,2011,734,11
2012,2012,734,32
2013,2013,736,44
2014,2014,736,77
2015,2015,736,82
2016,2016,736,39
2017,2017,736,97
2018,2018,737,39
2019,2019,737,60
2020,2020,739,46
2021,2021,739,47
2022,2022,740,39
2023,2023,740,25
2024,2024,740,31
2025,2025,741,39
2026,2026,741,78
2027,2027,741,77
2028,2028,742,77
2029,2029,742,64
2030,2030,742,11
2031,2031,742,84
2032,2032,742,94
2033,2033,742,31
2034,2034,742,49
2035,2035,743,89
2036,2036,743,64
2037,2037,743,36
2038,2038,743,90
2039,2039,743,84
2040,2040,743,39
2041,2041,744,11
2042,2042,744,56
2043,2043,745,30
2044,2044,745,44
2045,2045,745,17
2046,2046,746,11
2047,2047,746,90
2048,2048,746,46
2049,2049,747,4
2050,2050,748,39
2051,2051,748,9
2052,2052,748,32
2053,2053,748,90
2054,2054,749,44
2055,2055,750,39
2056,2056,750,15
2057,2057,750,84
2058,2058,750,82
2059,2059,752,77
2060,2060,753,77
2061,2061,753,90
2062,2062,753,35
2063,2063,753,39
2064,2064,753,97
2065,2065,754,46
2066,2066,755,45
2067,2067,755,25
2068,2068,756,5
2069,2069,756,32
2070,2070,757,39
2071,2071,757,58
2072,2072,758,39
2073,2073,758,84
2074,2074,758,47
2075,2075,759,39
2076,2076,759,64
2077,2077,759,21
2078,2078,759,33
2079,2079,761,11
2080,2080,761,58
2081,2081,761,46
2082,2082,762,60
2083,2083,762,77
2084,2084,762,82
2085,2085,763,11
2086,2086,763,90
2087,2087,764,39
2088,2088,764,30
2089,2089,764,44
2090,2090,764,85
2091,2091,765,44
2092,2092,765,90
2093,2093,765,47
2094,2094,766,83
2095,2095,766,77
2096,2096,766,5
2097,2097,766,46
2098,2098,767,39
2099,2099,767,30
2100,2100,767,35
2101,2101,767,25
2102,2102,769,59
2103,2103,769,46
2104,2104,770,32
2105,2105,771,60
2106,2106,772,17
2107,2107,772,47
2108,2108,773,77
2109,2109,773,70
2110,2110,775,36
2111,2111,775,4
2112,2112,775,7
2113,2113,775,46
2114,2114,776,39
2115,2115,776,15
2116,2116,776,46
2117,2117,776,36
2118,2118,777,39
2119,2119,777,77
2120,2120,778,49
2121,2121,779,59
2122,2122,779,44
2123,2123,779,32
2124,2124,780,39
2125,2125,782,64
2126,2126,782,11
2127,2127,782,90
2128,2128,782,85
2129,2129,782,60
2130,2130,782,15
2131,2131,782,46
2132,2132,782,39
2133,2133,782,17
2134,2134,784,77
2135,2135,784,64
2136,2136,784,11
2137,2137,787,11
2138,2138,787,5
2139,2139,787,46
2140,2140,787,47
2141,2141,788,77
2142,2142,789,39
2143,2143,790,90
2144,2144,791,101
2145,2145,792,39
2146,2146,792,15
2147,2147,792,64
2148,2148,792,47
2149,2149,794,39
2150,2150,795,64
2151,2151,795,59
2152,2152,795,80
2153,2153,795,11
2154,2154,795,84
2155,2155,795,85
2156,2156,795,15
2157,2157,795,35
2158,2158,795,46
2159,2159,795,39
2160,2160,795,5
2161,2161,796,36
2162,2162,796,49
2163,2163,797,64
2164,2164,797,15
2165,2165,797,25
2166,2166,797,46
2167,2167,797,39
2168,2168,798,44
2169,2169,798,89
2170,2170,798,83
2171,2171,798,90
2172,2172,798,94
2173,2173,798,38
2174,2174,798,46
2175,2175,798,55
2176,2176,799,39
2177,2177,799,45
2178,2178,799,11
2179,2179,799,84
2180,2180,800,36
2181,2181,800,46
2182,2182,801,49
2183,2183,802,77
2184,2184,803,39
2185,2185,803,89
2186,2186,804,35
2187,2187,804,34
2188,2188,805,46
2189,2189,805,84
2190,2190,807,11
2191,2191,807,94
2192,2192,807,47
2193,2193,807,92
2194,2194,807,39
2195,2195,807,17
2196,2196,809,67
2197,2197,809,90
2198,2198,810,11
2199,2199,810,32
2200,2200,810,49
2201,2201,811,42
2202,2202,811,30
2203,2203,811,11
2204,2204,811,39
2205,2205,812,39
2206,2206,812,97
2207,2207,812,77
2208,2208,813,44
2209,2209,813,11
2210,2210,813,90
2211,2211,813,46
2212,2212,813,73
2213,2213,814,85
2214,2214,814,77
2215,2215,814,11
2216,2216,814,47
2217,2217,815,64
2218,2218,815,84
2219,2219,815,46
2220,2220,815,39
2221,2221,815,49
2222,2222,816,88
2223,2223,816,46
2224,2224,816,39
2225,2225,817,77
2226,2226,817,89
2227,2227,818,64
2228,2228,818,49
2229,2229,819,36
2230,2230,819,72
2231,2231,819,90
2232,2232,820,92
2233,2233,820,46
2234,2234,820,49
2235,2235,821,39
2236,2236,821,60
2237,2237,821,11
2238,2238,822,32
2239,2239,822,44
2240,2240,822,75
2241,2241,822,77
2242,2242,823,39
2243,2243,823,15
2244,2244,823,30
2245,2245,823,42
2246,2246,823,49
2247,2247,824,46
2248,2248,824,49
2249,2249,825,36
2250,2250,825,11
2251,2251,826,39
2252,2252,826,31
2253,2253,826,84
2254,2254,826,36
2255,2255,827,39
2256,2256,828,45
2257,2257,828,97
2258,2258,828,46
2259,2259,829,39
2260,2260,829,11
2261,2261,830,39
2262,2262,830,15
2263,2263,830,11
2264,2264,830,31
2265,2265,831,77
2266,2266,831,12
2267,2267,832,77
2268,2268,832,90
2269,2269,832,82
2270,2270,832,85
2271,2271,832,39
2272,2272,833,44
2273,2273,833,46
2274,2274,834,85
2275,2275,836,44
2276,2276,836,64
2277,2277,836,80
2278,2278,836,70
2279,2279,836,15
2280,2280,836,5
2281,2281,838,36
2282,2282,838,11
2283,2283,838,70
2284,2284,838,84
2285,2285,838,39
2286,2286,839,39
2287,2287,839,4
2288,2288,839,77
2289,2289,839,13
2290,2290,841,77
2291,2291,841,11
2292,2292,841,30
2293,2293,841,25
2294,2294,841,39
2295,2295,841,31
2296,2296,841,49
2297,2297,842,36
2298,2298,842,72
2299,2299,842,85
2300,2300,842,82
2301,2301,843,39
2302,2302,843,4
2303,2303,843,44
2304,2304,843,84
2305,2305,845,36
2306,2306,845,59
2307,2307,845,94
2308,2308,845,49
2309,2309,847,69
2310,2310,848,77
2311,2311,848,12
2312,2312,848,19
2313,2313,848,30
2314,2314,848,35
2315,2315,849,39
2316,2316,849,11
2317,2317,849,49
2318,2318,850,39
2319,2319,850,23
2320,2320,850,34
2321,2321,851,59
2322,2322,851,46
2323,2323,852,85
2324,2324,852,89
2325,2325,852,82
2326,2326,853,59
2327,2327,854,39
2328,2328,854,25
2329,2329,855,77
2330,2330,855,82
2331,2331,856,59
2332,2332,857,25
2333,2333,859,77
2334,2334,859,80
2335,2335,859,83
2336,2336,859,90
2337,2337,859,11
2338,2338,859,39
2339,2339,860,59
2340,2340,860,34
2341,2341,861,36
2342,2342,861,80
2343,2343,862,44
2344,2344,862,17
2345,2345,862,47
2346,2346,863,77
2347,2347,864,44
2348,2348,864,72
2349,2349,864,85
2350,2350,864,46
2351,2351,864,39
2352,2352,865,15
2353,2353,865,77
2354,2354,866,39
2355,2355,866,60
2356,2356,866,36
2357,2357,867,69
2358,2358,867,11
2359,2359,867,31
2360,2360,867,84
2361,2361,868,44
2362,2362,868,46
2363,2363,869,36
2364,2364,869,51
2365,2365,869,30
2366,2366,870,97
2367,2367,870,56
2368,2368,871,77
2369,2369,871,11
2370,2370,871,70
2371,2371,871,94
2372,2372,871,59
2373,2373,871,31
2374,2374,871,49
2375,2375,872,92
2376,2376,872,32
2377,2377,872,90
2378,2378,873,77
2379,2379,873,11
2380,2380,873,12
2381,2381,873,94
2382,2382,873,39
2383,2383,874,36
2384,2384,874,11
2385,2385,874,90
2386,2386,874,84
2387,2387,874,94
2388,2388,874,25
2389,2389,874,39
2390,2390,875,46
2391,2391,875,47
2392,2392,875,87
2393,2393,877,90
2394,2394,878,64
2395,2395,878,36
2396,2396,878,80
2397,2397,878,11
2398,2398,878,35
2399,2399,879,35
2400,2400,879,90
2401,2401,879,46
2402,2402,880,77
2403,2403,880,59
2404,2404,880,94
2405,2405,880,39
2406,2406,880,17
2407,2407,881,85
2408,2408,881,25
2409,2409,881,84
2410,2410,883,39
2411,2411,883,44
2412,2412,883,33
2413,2413,885,45
2414,2414,885,90
2415,2415,886,93
2416,2416,886,47
2417,2417,886,15
2418,2418,886,46
2419,2419,886,39
2420,2420,886,97
2421,2421,888,32
2422,2422,888,44
2423,2423,888,46
2424,2424,889,93
2425,2425,889,15
2426,2426,889,64
2427,2427,890,63
2428,2428,890,64
2429,2429,890,90
2430,2430,891,42
2431,2431,891,97
2432,2432,891,39
2433,2433,891,36
2434,2434,892,45
2435,2435,892,78
2436,2436,894,25
2437,2437,895,11
2438,2438,897,58
2439,2439,899,15
2440,2440,899,77
2441,2441,899,91
2442,2442,900,39
2443,2443,900,25
2444,2444,900,46
2445,2445,901,39
2446,2446,901,15
2447,2447,901,64
2448,2448,902,4
2449,2449,902,77
2450,2450,902,64
2451,2451,902,84
2452,2452,902,47
2453,2453,902,39
2454,2454,902,97
2455,2455,903,77
2456,2456,903,11
2457,2457,903,94
2458,2458,903,82
2459,2459,903,60
2460,2460,903,30
2461,2461,904,77
2462,2462,906,39
2463,2463,906,78
2464,2464,906,21
2465,2465,906,12
2466,2466,907,77
2467,2467,908,44
2468,2468,908,36
2469,2469,908,84
2470,2470,908,82
2471,2471,908,85
2472,2472,908,56
2473,2473,908,46
2474,2474,908,39
2475,2475,909,33
2476,2476,909,46
2477,2477,909,44
2478,2478,909,77
2479,2479,910,30
2480,2480,911,15
2481,2481,911,23
2482,2482,912,85
2483,2483,912,64
2484,2484,914,36
2485,2485,914,11
2486,2486,914,25
2487,2487,914,46
2488,2488,914,42
2489,2489,914,5
2490,2490,914,49
2491,2491,915,77
2492,2492,915,47
2493,2493,915,60
2494,2494,915,30
2495,2495,915,39
2496,2496,915,31
2497,2497,916,36
2498,2498,916,11
2499,2499,916,82
2500,2500,916,67
2501,2501,916,32
2502,2502,916,59
2503,2503,917,64
2504,2504,918,88
2505,2505,918,30
2506,2506,918,53
2507,2507,919,36
2508,2508,919,35
2509,2509,920,39
2510,2510,920,36
2511,2511,920,84
2512,2512,920,82
2513,2513,921,15
2514,2514,921,47
2515,2515,922,64
2516,2516,922,83
2517,2517,922,84
2518,2518,922,82
2519,2519,922,15
2520,2520,922,39
2521,2521,923,88
2522,2522,923,77
2523,2523,924,39
2524,2524,925,64
2525,2525,925,87
2526,2526,926,64
2527,2527,926,85
2528,2528,926,15
2529,2529,926,46
2530,2530,926,23
2531,2531,927,97
2532,2532,928,44
2533,2533,928,83
2534,2534,928,90
2535,2535,928,12
2536,2536,928,60
2537,2537,928,39
2538,2538,929,70
2539,2539,930,11
2540,2540,930,46
2541,2541,930,47
2542,2542,931,67
2543,2543,931,30
2544,2544,931,77
2545,2545,933,30
2546,2546,933,89
2547,2547,936,44
2548,2548,936,11
2549,2549,936,15
2550,2550,936,60
2551,2551,936,39
2552,2552,936,31
2553,2553,937,39
2554,2554,938,46
2555,2555,939,36
2556,2556,939,11
2557,2557,939,84
2558,2558,939,47
2559,2559,939,17
2560,2560,940,46
2561,2561,940,101
2562,2562,941,11
2563,2563,941,34
2564,2564,943,39
2565,2565,943,15
2566,2566,943,77
2567,2567,943,64
2568,2568,944,39
2569,2569,944,46
2570,2570,945,39
2571,2571,945,2
2572,2572,945,12
2573,2573,946,39
2574,2574,947,39
2575,2575,947,83
2576,2576,947,75
2577,2577,947,31
2578,2578,948,77
2579,2579,948,64
2580,2580,948,46
2581,2581,948,39
2582,2582,948,31
2583,2583,949,59
2584,2584,949,25
2585,2585,950,39
2586,2586,950,11
2587,2587,951,39
2588,2588,951,101
2589,2589,952,64
2590,2590,952,67
2591,2591,952,60
2592,2592,952,15
2593,2593,952,39
2594,2594,953,39
2595,2595,953,60
2596,2596,953,33
2597,2597,953,46
2598,2598,954,39
2599,2599,955,39
2600,2600,955,59
2601,2601,956,59
2602,2602,956,34
2603,2603,956,84
2604,2604,956,47
2605,2605,958,90
2606,2606,958,82
2607,2607,958,60
2608,2608,958,32
2609,2609,958,34
2610,2610,958,17
2611,2611,959,39
2612,2612,959,44
2613,2613,959,85
2614,2614,961,39
2615,2615,962,36
2616,2616,962,78
2617,2617,962,77
2618,2618,963,39
2619,2619,963,36
2620,2620,963,67
2621,2621,963,82
2622,2622,964,89
2623,2623,964,101
2624,2624,964,82
2625,2625,965,71
2626,2626,965,64
2627,2627,966,77
2628,2628,966,82
2629,2629,966,15
2630,2630,966,39
2631,2631,966,49
2632,2632,967,39
2633,2633,968,36
2634,2634,968,30
2635,2635,968,35
2636,2636,968,82
2637,2637,970,11
2638,2638,971,39
2639,2639,971,77
2640,2640,971,11
2641,2641,972,35
2642,2642,972,64
2643,2643,972,32
2644,2644,975,60
2645,2645,975,77
2646,2646,976,4
2647,2647,976,35
2648,2648,976,46
2649,2649,978,46
2650,2650,978,49
2651,2651,979,77
2652,2652,979,64
2653,2653,979,11
2654,2654,979,47
2655,2655,979,25
2656,2656,979,39
2657,2657,979,34
2658,2658,981,67
2659,2659,983,77
2660,2660,983,46
2661,2661,985,15
2662,2662,986,39
2663,2663,986,44
2664,2664,987,77
2665,2665,988,77
2666,2666,988,64
2667,2667,988,15
2668,2668,988,30
2669,2669,988,39
2670,2670,989,46
2671,2671,989,84
2672,2672,990,49
2673,2673,991,39
2674,2674,991,64
2675,2675,991,84
2676,2676,991,82
2677,2677,992,77
2678,2678,994,39
2679,2679,996,11
2680,2680,996,35
2681,2681,996,25
2682,2682,996,46
2683,2683,996,39
2684,2684,996,34
2685,2685,997,39
2686,2686,997,90
2687,2687,997,35
2688,2688,997,46
2689,2689,997,42
2690,2690,997,17
2691,2691,998,77
2692,2692,998,85
2693,2693,998,30
2694,2694,998,46
2695,2695,998,39
2696,2696,998,31
2697,2697,999,39
2698,2698,999,46
2699,2699,999,31
2700,2700,999,36
2701,2701,1001,17
2702,2702,1001,77
2703,2703,1001,94
2704,2704,1004,39
2705,2705,1004,15
2706,2706,1004,77
2707,2707,1005,15
2708,2708,1005,47
2709,2709,1009,15
2710,2710,1009,64
2711,2711,1010,89
2712,2712,1010,39
2713,2713,1010,82
2714,2714,1010,42
2715,2715,1010,17
2716,2716,1011,55
2717,2717,1011,90
2718,2718,1012,39
2719,2719,1012,77
2720,2720,1012,32
2721,2721,1012,84
2722,2722,1013,77
2723,2723,1013,39
2724,2724,1013,11
2725,2725,1013,12
2726,2726,1013,84
2727,2727,1013,60
2728,2728,1013,35
2729,2729,1013,18
2730,2730,1014,46
2731,2731,1015,88
2732,2732,1017,36
2733,2733,1017,75
2734,2734,1017,47
2735,2735,1018,64
2736,2736,1018,59
2737,2737,1018,15
2738,2738,1018,46
2739,2739,1018,39
2740,2740,1019,64
2741,2741,1020,85
2742,2742,1020,72
2743,2743,1020,44
2744,2744,1021,25
2745,2745,1021,46
2746,2746,1021,101
2747,2747,1022,39
2748,2748,1022,49
2749,2749,1023,84
2750,2750,1024,39
2751,2751,1024,15
2752,2752,1024,64
2753,2753,1024,30
2754,2754,1025,44
2755,2755,1025,25
2756,2756,1025,34
2757,2757,1025,32
2758,2758,1026,30
2759,2759,1026,77
2760,2760,1026,9
2761,2761,1026,49
2762,2762,1027,46
2763,2763,1028,90
2764,2764,1029,46
2765,2765,1030,64
2766,2766,1030,85
2767,2767,1030,15
2768,2768,1030,35
2769,2769,1030,39
2770,2770,1031,88
2771,2771,1031,77
2772,2772,1031,39
2773,2773,1032,32
2774,2774,1034,77
2775,2775,1034,82
2776,2776,1035,90
2777,2777,1035,84
2778,2778,1035,30
2779,2779,1035,39
2780,2780,1035,97
2781,2781,1035,17
2782,2782,1036,60
2783,2783,1036,12
2784,2784,1037,44
2785,2785,1037,11
2786,2786,1037,59
2787,2787,1037,97
2788,2788,1037,31
2789,2789,1038,39
2790,2790,1038,97
2791,2791,1038,64
2792,2792,1039,34
2793,2793,1039,12
2794,2794,1040,39
2795,2795,1040,85
2796,2796,1041,39
2797,2797,1041,44
2798,2798,1041,24
2799,2799,1043,25
2800,2800,1045,77
2801,2801,1046,39
2802,2802,1046,11
2803,2803,1046,90
2804,2804,1046,82
2805,2805,1047,39
2806,2806,1047,80
2807,2807,1048,39
2808,2808,1049,39
2809,2809,1049,89
2810,2810,1049,67
2811,2811,1050,25
2812,2812,1050,32
2813,2813,1050,46
2814,2814,1050,39
2815,2815,1050,49
2816,2816,1051,64
2817,2817,1051,82
2818,2818,1051,15
2819,2819,1051,24
2820,2820,1051,39
2821,2821,1052,39
2822,2822,1052,71
2823,2823,1052,35
2824,2824,1053,33
2825,2825,1055,39
2826,2826,1055,44
2827,2827,1055,36
2828,2828,1056,71
2829,2829,1056,64
2830,2830,1056,70
2831,2831,1058,88
2832,2832,1058,77
2833,2833,1058,33
2834,2834,1058,11
2835,2835,1059,77
2836,2836,1059,90
2837,2837,1060,78
2838,2838,1060,39
2839,2839,1060,12
2840,2840,1060,60
2841,2841,1060,30
2842,2842,1060,88
2843,2843,1060,55
2844,2844,1061,25
2845,2845,1061,48
2846,2846,1062,77
2847,2847,1062,89
2848,2848,1063,15
2849,2849,1063,64
2850,2850,1063,70
2851,2851,1063,84
2852,2852,1064,90
2853,2853,1065,60
2854,2854,1065,72
2855,2855,1065,21
2856,2856,1065,30
2857,2857,1066,89
2858,2858,1066,47
2859,2859,1066,15
2860,2860,1066,87
2861,2861,1066,39
2862,2862,1067,39
2863,2863,1067,34
2864,2864,1068,77
2865,2865,1068,44
2866,2866,1068,39
2867,2867,1068,45
2868,2868,1068,72
2869,2869,1068,83
2870,2870,1068,90
2871,2871,1068,101
2872,2872,1068,94
2873,2873,1068,82
2874,2874,1068,24
2875,2875,1068,46
2876,2876,1068,86
2877,2877,1068,42
2878,2878,1070,36
2879,2879,1070,11
2880,2880,1070,5
2881,2881,1072,77
2882,2882,1073,77
2883,2883,1073,11
2884,2884,1075,59
2885,2885,1075,82
2886,2886,1076,60
2887,2887,1076,84
2888,2888,1080,46
2889,2889,1080,34
2890,2890,1080,49
2891,2891,1080,87
2892,2892,1082,46
2893,2893,1082,44
2894,2894,1082,32
2895,2895,1082,11
2896,2896,1083,44
2897,2897,1083,5
2898,2898,1083,24
2899,2899,1083,49
2900,2900,1084,21
2901,2901,1085,75
2902,2902,1085,25
2903,2903,1085,46
2904,2904,1085,31
2905,2905,1087,17
2906,2906,1087,11
2907,2907,1087,46
2908,2908,1087,89
2909,2909,1088,77
2910,2910,1090,39
2911,2911,1091,30
2912,2912,1092,11
2913,2913,1092,46
2914,2914,1092,39
2915,2915,1092,58
2916,2916,1092,49
2917,2917,1093,59
2918,2918,1093,44
2919,2919,1093,13
2920,2920,1095,77
2921,2921,1095,39
2922,2922,1095,36
2923,2923,1095,11
2924,2924,1095,84
2925,2925,1095,94
2926,2926,1095,88
2927,2927,1096,39
2928,2928,1097,85
2929,2929,1097,30
2930,2930,1097,32
2931,2931,1097,46
2932,2932,1097,87
2933,2933,1097,49
2934,2934,1100,25
2935,2935,1101,77
2936,2936,1101,9
2937,2937,1101,84
2938,2938,1101,46
2939,2939,1101,5
2940,2940,1103,75
2941,2941,1104,39
2942,2942,1104,5
2943,2943,1104,49
2944,2944,1105,59
2945,2945,1106,17
2946,2946,1107,60
2947,2947,1107,30
2948,2948,1109,46
2949,2949,1111,39
2950,2950,1111,80
2951,2951,1111,84
2952,2952,1111,46
2953,2953,1111,42
2954,2954,1113,101
2955,2955,1113,72
2956,2956,1113,31
2957,2957,1113,84
2958,2958,1115,36
2959,2959,1115,23
2960,2960,1115,77
2961,2961,1115,59
2962,2962,1117,90
2963,2963,1117,82
2964,2964,1118,60
2965,2965,1118,77
2966,2966,1118,82
2967,2967,1119,72
2968,2968,1119,85
2969,2969,1119,46
2970,2970,1119,39
2971,2971,1119,33
2972,2972,1120,33
2973,2973,1120,60
2974,2974,1122,23
2975,2975,1123,44
2976,2976,1123,80
2977,2977,1123,11
2978,2978,1123,47
2979,2979,1123,32
2980,2980,1123,88
2981,2981,1124,15
2982,2982,1125,46
2983,2983,1125,82
2984,2984,1129,77
2985,2985,1129,90
2986,2986,1129,11
2987,2987,1129,94
2988,2988,1131,59
2989,2989,1131,75
2990,2990,1131,82
2991,2991,1133,25
2992,2992,1133,86
2993,2993,1134,44
2994,2994,1134,77
2995,2995,1136,39
2996,2996,1136,15
2997,2997,1136,77
2998,2998,1137,44
2999,2999,1137,46
3000,3000,1138,4
3001,3001,1138,11
3002,3002,1138,84
3003,3003,1138,47
3004,3004,1138,39
3005,3005,1139,81
3006,3006,1139,79
3007,3007,1140,35
3008,3008,1140,75
3009,3009,1141,97
3010,3010,1141,64
3011,3011,1142,39
3012,3012,1143,77
3013,3013,1144,83
3014,3014,1144,90
3015,3015,1148,39
3016,3016,1148,89
3017,3017,1148,31
3018,3018,1149,42
3019,3019,1149,71
3020,3020,1149,97
3021,3021,1150,39
3022,3022,1150,15
3023,3023,1150,64
3024,3024,1150,46
3025,3025,1151,15
3026,3026,1151,47
3027,3027,1151,82
3028,3028,1152,39
3029,3029,1152,71
3030,3030,1152,80
3031,3031,1153,39
3032,3032,1153,23
3033,3033,1154,39
3034,3034,1154,4
3035,3035,1154,60
3036,3036,1155,39
3037,3037,1155,30
3038,3038,1155,34
3039,3039,1155,59
3040,3040,1156,11
3041,3041,1156,46
3042,3042,1157,77
3043,3043,1157,36
3044,3044,1157,11
3045,3045,1157,12
3046,3046,1157,84
3047,3047,1157,85
3048,3048,1157,15
3049,3049,1157,35
3050,3050,1157,25
3051,3051,1157,46
3052,3052,1157,97
3053,3053,1158,36
3054,3054,1158,84
3055,3055,1158,47
3056,3056,1158,82
3057,3057,1158,15
3058,3058,1158,85
3059,3059,1158,35
3060,3060,1158,32
3061,3061,1158,58
3062,3062,1159,11
3063,3063,1159,85
3064,3064,1159,15
3065,3065,1159,67
3066,3066,1159,46
3067,3067,1159,39
3068,3068,1159,17
3069,3069,1161,15
3070,3070,1161,3
3071,3071,1161,46
3072,3072,1162,93
3073,3073,1162,97
3074,3074,1162,35
3075,3075,1162,90
3076,3076,1163,64
3077,3077,1163,83
3078,3078,1163,15
3079,3079,1163,25
3080,3080,1163,46
3081,3081,1164,60
3082,3082,1165,39
3083,3083,1165,31
3084,3084,1165,67
3085,3085,1167,11
3086,3086,1169,59
3087,3087,1169,55
3088,3088,1169,34
3089,3089,1170,33
3090,3090,1170,34
3091,3091,1170,0
3092,3092,1173,77
3093,3093,1173,64
3094,3094,1173,72
3095,3095,1173,19
3096,3096,1173,92
3097,3097,1173,39
3098,3098,1173,53
3099,3099,1175,64
3100,3100,1176,36
3101,3101,1176,47
3102,3102,1176,15
3103,3103,1176,35
3104,3104,1176,39
3105,3105,1176,34
3106,3106,1178,39
3107,3107,1178,15
3108,3108,1178,64
3109,3109,1178,46
3110,3110,1179,64
3111,3111,1179,15
3112,3112,1179,92
3113,3113,1179,39
3114,3114,1179,97
3115,3115,1181,43
3116,3116,1181,47
3117,3117,1181,15
3118,3118,1181,46
3119,3119,1181,39
3120,3120,1181,34
3121,3121,1183,85
3122,3122,1184,88
3123,3123,1184,39
3124,3124,1186,11
3125,3125,1186,89
3126,3126,1187,64
3127,3127,1187,11
3128,3128,1187,82
3129,3129,1187,15
3130,3130,1187,39
3131,3131,1188,15
3132,3132,1188,12
3133,3133,1189,93
3134,3134,1189,15
3135,3135,1189,30
3136,3136,1189,33
3137,3137,1189,58
3138,3138,1191,36
3139,3139,1192,59
3140,3140,1192,89
3141,3141,1192,82
3142,3142,1193,46
3143,3143,1193,82
3144,3144,1194,39
3145,3145,1194,64
3146,3146,1194,59
3147,3147,1195,93
3148,3148,1195,30
3149,3149,1195,46
3150,3150,1196,39
3151,3151,1196,77
3152,3152,1196,58
3153,3153,1197,39
3154,3154,1197,11
3155,3155,1197,34
3156,3156,1197,59
3157,3157,1199,84
3158,3158,1199,88
3159,3159,1199,30
3160,3160,1199,39
3161,3161,1199,33
3162,3162,1201,64
3163,3163,1203,83
3164,3164,1203,72
3165,3165,1203,11
3166,3166,1203,35
3167,3167,1205,59
3168,3168,1205,44
3169,3169,1205,64
3170,3170,1205,11
3171,3171,1206,39
3172,3172,1207,48
3173,3173,1208,39
3174,3174,1208,75
3175,3175,1208,46
3176,3176,1209,36
3177,3177,1209,11
3178,3178,1209,70
3179,3179,1209,84
3180,3180,1209,39
3181,3181,1210,36
3182,3182,1210,80
3183,3183,1210,11
3184,3184,1210,90
3185,3185,1210,84
3186,3186,1210,35
3187,3187,1210,46
3188,3188,1210,39
3189,3189,1210,17
3190,3190,1211,64
3191,3191,1211,11
3192,3192,1211,90
3193,3193,1211,82
3194,3194,1211,46
3195,3195,1211,39
3196,3196,1213,45
3197,3197,1213,11
3198,3198,1213,84
3199,3199,1213,67
3200,3200,1213,56
3201,3201,1213,39
3202,3202,1214,67
3203,3203,1214,46
3204,3204,1215,39
3205,3205,1215,83
3206,3206,1215,11
3207,3207,1216,77
3208,3208,1217,77
3209,3209,1218,42
3210,3210,1218,39
3211,3211,1218,94
3212,3212,1219,39
3213,3213,1222,39
3214,3214,1223,11
3215,3215,1225,39
3216,3216,1225,15
3217,3217,1225,64
3218,3218,1225,80
3219,3219,1226,60
3220,3220,1226,77
3221,3221,1226,35
3222,3222,1226,89
3223,3223,1228,85
3224,3224,1228,5
3225,3225,1228,46
3226,3226,1231,0
3227,3227,1231,46
3228,3228,1231,49
3229,3229,1232,39
3230,3230,1232,69
3231,3231,1233,30
3232,3232,1233,44
3233,3233,1233,31
3234,3234,1234,77
3235,3235,1234,84
3236,3236,1235,59
3237,3237,1235,82
3238,3238,1235,46
3239,3239,1235,32
3240,3240,1235,39
3241,3241,1238,80
3242,3242,1238,77
3243,3243,1238,11
3244,3244,1241,31
3245,3245,1241,49
3246,3246,1242,101
3247,3247,1242,31
3248,3248,1243,39
3249,3249,1243,49
3250,3250,1246,12
3251,3251,1247,69
3252,3252,1247,23
3253,3253,1248,5
3254,3254,1252,80
3255,3255,1252,71
3256,3256,1252,46
3257,3257,1252,39
3258,3258,1252,97
3259,3259,1252,49
3260,3260,1256,77
3261,3261,1258,77
3262,3262,1258,64
3263,3263,1258,36
3264,3264,1258,72
3265,3265,1258,11
3266,3266,1258,30
3267,3267,1258,39
3268,3268,1259,44
3269,3269,1259,77
3270,3270,1259,12
3271,3271,1259,46
3272,3272,1259,39
3273,3273,1260,35
3274,3274,1260,5
3275,3275,1261,39
3276,3276,1261,56
3277,3277,1263,39
3278,3278,1263,101
3279,3279,1264,30
3280,3280,1264,47
3281,3281,1265,23
3282,3282,1265,77
3283,3283,1265,9
3284,3284,1267,77
3285,3285,1268,88
3286,3286,1268,91
3287,3287,1269,39
3288,3288,1269,97
3289,3289,1269,89
3290,3290,1269,84
3291,3291,1272,36
3292,3292,1272,64
3293,3293,1272,47
3294,3294,1272,82
3295,3295,1273,93
3296,3296,1273,46
3297,3297,1274,72
3298,3298,1274,58
3299,3299,1274,70
3300,3300,1276,39
3301,3301,1276,93
3302,3302,1276,46
3303,3303,1277,15
3304,3304,1277,23
3305,3305,1277,44
3306,3306,1277,77
3307,3307,1278,77
3308,3308,1278,82
3309,3309,1279,39
3310,3310,1279,15
3311,3311,1283,31
3312,3312,1285,46
3313,3313,1285,31
3314,3314,1287,64
3315,3315,1289,88
3316,3316,1289,72
3317,3317,1289,85
3318,3318,1291,39
3319,3319,1291,89
3320,3320,1291,82
3321,3321,1293,39
3322,3322,1293,30
3323,3323,1295,88
3324,3324,1295,25
3325,3325,1295,49
3326,3326,1296,39
3327,3327,1296,89
3328,3328,1299,93
3329,3329,1299,70
3330,3330,1302,80
3331,3331,1302,70
3332,3332,1305,34
3333,3333,1306,60
3334,3334,1306,97
3335,3335,1306,77
3336,3336,1306,89
3337,3337,1309,64
3338,3338,1313,44
3339,3339,1313,90
3340,3340,1313,5
3341,3341,1314,11
3342,3342,1314,49
3343,3343,1315,27
3344,3344,1315,34
3345,3345,1315,46
3346,3346,1315,91
3347,3347,1318,39
3348,3348,1318,46
3349,3349,1318,84
3350,3350,1319,15
3351,3351,1319,64
3352,3352,1319,97
3353,3353,1322,39
3354,3354,1322,77
3355,3355,1322,84
3356,3356,1323,34
3357,3357,1325,39
3358,3358,1325,30
3359,3359,1325,77
3360,3360,1326,36
3361,3361,1326,46
3362,3362,1326,47
3363,3363,1328,80
3364,3364,1329,11
3365,3365,1329,22
3366,3366,1330,39
3367,3367,1330,46
3368,3368,1330,84
3369,3369,1332,39
3370,3370,1332,89
3371,3371,1332,32
3372,3372,1333,39
3373,3373,1333,33
3374,3374,1334,36
3375,3375,1334,17
3376,3376,1336,39
3377,3377,1336,44
3378,3378,1336,34
3379,3379,1336,46
3380,3380,1343,93
3381,3381,1343,44
3382,3382,1347,33
3383,3383,1347,93
3384,3384,1348,39
3385,3385,1348,23
3386,3386,1348,36
3387,3387,1349,39
3388,3388,1349,5
3389,3389,1349,67
3390,3390,1350,39
3391,3391,1350,46
3392,3392,1350,49
3393,3393,1351,42
3394,3394,1351,80
3395,3395,1351,46
3396,3396,1351,30
3397,3397,1353,39
3398,3398,1353,77
3399,3399,1353,93
3400,3400,1353,46
3401,3401,1354,84
3402,3402,1354,82
3403,3403,1354,15
3404,3404,1354,39
3405,3405,1354,33
3406,3406,1355,72
3407,3407,1356,85
3408,3408,1356,77
3409,3409,1356,12
3410,3410,1358,80
3411,3411,1358,64
3412,3412,1360,64
3413,3413,1360,59
3414,3414,1360,11
3415,3415,1360,15
3416,3416,1360,46
3417,3417,1360,39
3418,3418,1362,33
3419,3419,1362,77
3420,3420,1362,5
3421,3421,1367,39
3422,3422,1367,15
3423,3423,1367,64
3424,3424,1367,47
3425,3425,1371,45
3426,3426,1371,84
3427,3427,1371,67
3428,3428,1371,88
3429,3429,1371,97
3430,3430,1376,44
3431,3431,1376,13
3432,3432,1376,85
3433,3433,1376,24
3434,3434,1376,39
3435,3435,1377,39
3436,3436,1377,85
3437,3437,1377,59
3438,3438,1377,49
3439,3439,1388,82
3440,3440,1389,46
3441,3441,1390,34
3442,3442,1391,77
3443,3443,1391,13
3444,3444,1401,75
3445,3445,1401,64
3446,3446,1401,17
3447,3447,1402,39
3448,3448,1402,44
3449,3449,1402,33
3450,3450,1408,9
3451,3451,1408,12
3452,3452,1408,15
3453,3453,1408,39
3454,3454,1408,23
3455,3455,1409,39
3456,3456,1409,17
3457,3457,1409,82
3458,3458,1410,39
3459,3459,1410,49
3460,3460,1411,46
3461,3461,1412,36
3462,3462,1412,47
3463,3463,1417,33
3464,3464,1417,44
3465,3465,1417,77
3466,3466,1418,77
3467,3467,1419,39
3468,3468,1420,39
3469,3469,1420,46
3470,3470,1421,42
3471,3471,1421,77
3472,3472,1421,46
3473,3473,1422,84
3474,3474,1423,39
3475,3475,1423,25
3476,3476,1423,46
3477,3477,1424,39
3478,3478,1424,80
3479,3479,1424,62
3480,3480,1424,46
3481,3481,1426,59
3482,3482,1426,48
3483,3483,1427,59
3484,3484,1427,11
3485,3485,1427,17
3486,3486,1427,84
3487,3487,1430,33
3488,3488,1430,35
3489,3489,1432,39
3490,3490,1432,44
3491,3491,1434,77
3492,3492,1434,12
3493,3493,1434,67
3494,3494,1434,46
3495,3495,1434,39
3496,3496,1434,23
3497,3497,1434,91
3498,3498,1435,33
3499,3499,1435,77
3500,3500,1436,15
3501,3501,1436,64
3502,3502,1437,30
3503,3503,1438,39
3504,3504,1438,91
